UNICO VITA C;ÁCIDO ASCÓRBICO ( VITAMINA C ) NAO REVESTIDO MASTIGÁVEL COMP;500MG;10X10 COMP
FOLINEED;ÁCIDO FÓLICO;5 MG;10X10 COMP
UNIDIXIC;ÁCIDO NALIDIXICO;500MG;10X10 COMP
WORMINIX;ALBENDAZOL COMP;400MG;20 X 1 X 1 COMP
AMINOBRON;AMINOFILINA COMP;100MG;10X10 COMP
AMLOTRIX 10;AMLODIPINA COMP;10MG;10X10 COMP
UNICLAV 1000;AMOXICILLINA+ ÁCIDO CLAVULÂNICO COMP;875MG + 125MG;1 X 10 COMP
UNITRIP 10;AMITRIPTILINA;10MG;10X10 COMP
LUTHER JUNIOR DISPERSÍVEL;ARTEMETÉR+ LUMEFANTRINA COMP DISPERSÍVEL;20MG+120MG;1X6X10 COMP
LUTHER FORTE DISPERSÍVEL;ARTEMETÉR+ LUMEFANTRINA COMP DISPERSÍVEL;40MG+240MG;1X6 COMP
LUTHER DP DISPERSÍVEL;ARTEMETÉR+ LUMEFANTRINA COMP DISPERSÍVEL;80MG+480MG;1X6 COMP
START;ARTESUNATE  COMP;100MG;10 x 1 x 6 COMP
NOVASPRIN;ASPIRINA COMP;100MG;10X10 COMP
AZICIN 500;AZITROMICINA COMP;500MG;5X1X3 COMP
LAXAQUE;BISACODIL COMP;5MG;10X10 COMP
UNIPRIL 25;CAPTOPRIL COMP;25MG;10X10 COMP
GENERICO NOME;CEFIXIME DISPERSÍVEL COMP;200MG;10X10 COMP
GENERICO NOME;CEFIXIME DISPERSÍVEL COMP;400MG;10X10 COMP
CIPROQUE;CIPROFLOXACINA COMP;500MG;10X10 COMP
CYPROPLEX C4;CIPROHEPTADINA COMP;4MG;50X2X10 COMP
DZIRE 100;CITRATO DE SILDENAFIL COMP;100MG;10X2X4 COMP
DZIRE 50;CITRATO DE SILDENAFIL COMP;50MG;10X2X4 COMP
Q-CLAR 250;CLARITROMICINA COMP;250MG;10X1X10 COMP(alu-alu)
CADNIL;CLOPIDOGREL COMP;75MG;2X14 COMP
ACETRIM 480;CO-TRIMOXAZOL  COMP;480MG;10X10 COMP
ACETRIM 960;CO-TRIMOXAZOL  COMP;960MG;10X10 COMP
DICLIQUE;DICLOFENAC SÓDICO + PARACETAMOL COMP;50MG+500MG;25X10 COMP
DICLIQUE;DICLOFENAC SÓDICO + PARACETAMOL COMP;50MG+500MG;10X10 COMP
DICQUE 50;DICLOFENAC SÓDICO COMP (RESISTENTE À GASTRO);50MG;10X10 COMP
DICQUE 100;DICLOFENAC SÓDICO COMP (RESISTENTE À GASTRO);100MG;10 X 1 X 10 COMP
DIPIRONA;DIPIRONA COMP;500 MG;10X10 COMP
FLUQUE 150;FLUCONAZOL COMP;150 MG;10 X 1 X 1 COMP
FASTRIM KIT;FLUCONAZOL + AZITROMICINA + SECDINAZOL COMP;150MG + 1G + 1G;KIT DE 4 COMP
FRUSEMIX;FUROSAMIDA COMP;40MG;10X10 COMP
DAOMIDE;GLIBENCLAMIDA COMP;5MG;10X10 COMP
GLICLAMIN-M;GLICLAZIDA+ CLORIDRATO DE METFORMINA COMP;80MG+500MG;3X10 COMP
GASTROTAB;HIDRÓXIDE DE ALUMÍNIO MASTIGÁVEL COMP;500MG;10X10 COMP
TRIFORT;HIDROCLORETO DE TIAMINA(VITA-B1) +HIDROCLORETO DE PIRIDOXINA(VITA-B6)+ CINOCOBALAMINA(VITA-B12) COMP;100MG + 200MG + 200MG;10X10 COMP
BUSCOCINE;HIOSCINA BUTYLBROMIDE;10MG;10X10 COMP
UNIFLAM;IBUPROFENO + PARACETAMOL COMP;200MG+500MG;10X10 COMP
UNIFLAM PLUS;IBUPROFENO + PARACETAMOL COMP;400MG+500MG;10X10 COMP
IPRO 400;IBUPROFENO COMP;400MG;10X10 COMP
IPRO 200;IBUPROFENO COMP;200MG;10X10 COMP
PHENIREX;MALEATO DE CLORFENAMINA COMP;4MG;10X10 COMP
TOPGYL 250;METRONIDAZOL COMP;250MG;25X10 COMP
METOPRIX 5;METOCLOPRAMIDA COMP;5MG;10X10 COMP
METOPRIX 10;METOCLOPRAMIDA COMP;10MG;10X10 COMP
MISOTOL;MISOPROSTOL COMP;200MG;1X4 COMP
CYPROPLEX PLUS;MULTIVITAMINA COMP;COMP;1X30 COMP
OFLOQ;OFLOXACINA COMP;200MG;2X10 COMP
ACEMOL;PARACETAMOL COMP;500MG;10X10 COMP
ACEMOL;PARACETAMOL COMP;500MG;25X10 COMP
UNIGRIPE;ANTIGRIPAL COMPRIMIDOS (PARACETAMOL + FENILEFRINA CLORIDRATO + MALEATO DE CLORFENAMINA+CAFEÍNA COMP);500MG+10MG + 2MG+30MG;25X1X4 COMP
ACEPEN 250;PENICILINA POTÁSSIO COMP (FENOXIMETILO PENICILINA);250MG;10x10 COMP
ACEPEN 500;PENICILINA POTÁSSIO COMP (FENOXIMETILO PENICILINA);500MG;10x10 COMP
GENERICO NOME;PIRIDOXINA COMP (VITAMINA B-6);100MG;10X10 COMP
PREDNOVA 5;PREDNISOLONA COMP;5MG;10X10 COMP
PREDNOVA 10;PREDNISOLONA COMP;10MG;10X10 COMP
PREDNOVA 20;PREDNISOLONA COMP;20MG;10X10 COMP
SALBUREST;SALBUTAMOL COMP;4MG;10X10 COMP
HAEMVITAL;SULFATO FERROSO;200MG;10X10 COMP
HAEMVITAL PLUS;SULFATO FERROSO+ ÁCIDO FÓLICO COMP;200MG + 0.5MG;10X10 COMP
PALUSTOP;SULFATO DE QUININO COMP;300MG;10X10 COMP
TADASIL 5;TADALAFIL COMP;5MG;10X1X4 COMP
TADASIL 10;TADALAFIL COMP;10MG;10X1X4 COMP
TADASIL 20;TADALAFIL COMP;20MG;10X1X4 COMP
GENERICO NOME;TIAMINA COMP (VITAMINA B-1);100MG;10X10 COMP
