GENERICO NOME;ADESIVO PERFURADO;10CM X 5M;1 ROLOS
GENERICO NOME;ADESIVO PERFURADO;18CM X 5M;1 ROLOS
GENERICO NOME;ADHESIVO OXIDO DE ZINCO;2.5CM*5M;12 ROLOS
GENERICO NOME;ADHESIVO OXIDO DE ZINCO;5CM* 5CM;6 ROLOS
GENERICO NOME;AGULHA ESPINHAL;18G;50 PEÇAS
GENERICO NOME;AGULHA ESPINHAL;19G;50 PEÇAS
GENERICO NOME;AGULHA ESPINHAL;21G;50 PEÇAS
GENERICO NOME;AGULHA ESPINHAL;22G;50 PEÇAS
GENERICO NOME;AGULHA ESPINHAL;23G;50 PEÇAS
GENERICO NOME;AGULHA DESCARTÁVEL (ESTÉRIL);20G;100 PEÇA
GENERICO NOME;AGULHA DESCARTÁVEL (ESTÉRIL);21G;100 PEÇA
GENERICO NOME;AGULHA DESCARTÁVEL (ESTÉRIL);22G;100 PEÇA
GENERICO NOME;ALGODÃO;500GMS;1 ROLO
GENERICO NOME;APARELHO DE INFUSÃO COM BURETA 150CC (SISTEMA DE MICRO GOTAS);NA;1 PEÇA
GENERICO NOME;BORBOLETAS-AGULHA (G21);21G;100 PEÇAS
GENERICO NOME;BORBOLETAS-AGULHA (G23);23G;100 PEÇAS
CÂNULA 16G;BRANULA;16G;100 PEÇAS
CÂNULA 18G;BRANULA;18G;100 PEÇAS
CÂNULA 26G;BRANULA;26G;100 PEÇAS
GENERICO NOME;Andador ortopédico (MULETAS);NA;1 PEÇA
GENERICO NOME;CADEIRA DE RODAS;NA;1 PEÇA
GENERICO NOME;CÂNULA DE OXIGÊNIO NASAL ;ADULTO;1 PEÇA
GENERICO NOME;CÂNULA DE OXIGÊNIO NASAL ;PEDIATRICO;1 PEÇA
GENERICO NOME;CATÉTER BALÃO DE FOLEY (ALGALIA); (FG 8) ( 2 way);1 PEÇA
GENERICO NOME;CATÉTER BALÃO DE FOLEY (ALGALIA); (FG 10) ( 2 way);1 PEÇA
GENERICO NOME;CATÉTER BALÃO DE FOLEY (ALGALIA); (FG 12) ( 2 way);1 PEÇA
GENERICO NOME;CATÉTER BALÃO DE FOLEY (ALGALIA); (FG 14) ( 2 way);1 PEÇA
GENERICO NOME;CATÉTER BALÃO DE FOLEY (ALGALIA); (FG 16) ( 2 way);1 PEÇA
GENERICO NOME;CATÉTER BALÃO DE FOLEY (ALGALIA); (FG 18) ( 2 way);1 PEÇA
GENERICO NOME;CATÉTER BALÃO DE FOLEY (ALGALIA); (FG 20) ( 2 way);1 PEÇA
GENERICO NOME;CATÉTER BALÃO DE FOLEY (ALGALIA); (FG 22) ( 2 way);1 PEÇA
GENERICO NOME;CATÉTER BALÃO DE FOLEY (ALGALIA); (FG 24) ( 2 way);1 PEÇA
GENERICO NOME;CATÉTER BALÃO DE FOLEY (ALGALIA); (FG 16) ( 3 way);1 PEÇA
GENERICO NOME;CATÉTER BALÃO DE FOLEY (ALGALIA); (FG 18) ( 3 way);1 PEÇA
GENERICO NOME;CATÉTER BALÃO DE FOLEY (ALGALIA); (FG 20) ( 3 way);1 PEÇA
GENERICO NOME;CATÉTER BALÃO DE FOLEY (ALGALIA); (FG 22) ( 3 way);1 PEÇA
GENERICO NOME;CATÉTER BALÃO DE FOLEY (ALGALIA); (FG 24) ( 3 way);1 PEÇA
GENERICO NOME;CATÉTER BALÃO DE FOLEY (ALGALIA); (FG 26) ( 3 way);1 PEÇA
GENERICO NOME;Compressas de gaze (ESTRIL);5 X 5 CM;8 DOBRAS
GENERICO NOME;Compressas de gaze (ESTRIL);7.5 X 7.5 CM;8 DOBRAS
GENERICO NOME;Compressas de gaze (ESTRIL);10 X 10 CM;8 DOBRAS
GENERICO NOME;CURITA PARA PRIMEIROS SOCORROS;72 MM X19 MM;100 PEÇAS
GENERICO NOME;ESFIGMOMANÔMETRO ANERÓIDE COM ESTETOSCÓPIO;NA;1 PEÇA
GENERICO NOME;ESTETOSCÓPIO DUPLO;DUPLO;1 PEÇA
GENERICO NOME;ESTETOSCÓPIO SIMPLES;SIMPLE;1 PEÇA
GENERICO NOME;ESPÉCULO VAGINAL M;NA;1 PEÇA
FATO;FATOS DE BIOPROTECÇAO;NA;1 PEÇA
GENERICO NOME;FIO DE SUTURA - CATGUTE CROMADO REDONDA;Nº 0;12 PEÇAS
GENERICO NOME;FIO DE SUTURA - CATGUTE CROMADO REDONDA;Nº 2;12 PEÇAS
GENERICO NOME;FIO DE SUTURA - CATGUTE CROMADO REDONDA;Nº 2/0;12 PEÇAS
GENERICO NOME;FIO DE SUTURA - SEDA REDONDA;Nº 0;12 PEÇAS
GENERICO NOME;FIO DE SUTURA - SEDA REDONDA;Nº 1;12 PEÇAS
GENERICO NOME;FIO DE SUTURA - SEDA REDONDA;Nº 2;12 PEÇAS
GENERICO NOME;FIO DE SUTURA - SEDA REDONDA;Nº 2/0;12 PEÇAS
GENERICO NOME;FIO DE SUTURA (VIQUERYL) Nº 0 Agulha Redondo 1/2 35mm;Nº 0;12 PEÇAS
GENERICO NOME;FIO DE SUTURA (VIQUERYL) Nº 1 Agulha Curvado 1/2 35mm;Nº 1;12 PEÇAS
GENERICO NOME;FIO DE SUTURA (VIQUERYL) Nº 1 Agulha Redondo 1/2 35mm;Nº 1;12 PEÇAS
GENERICO NOME;FIO DE SUTURA (VIQUERYL) Nº 2 Agulha Redondo 1/2 40mm;Nº 2;12 PEÇAS
GENERICO NOME;FIO DE SUTURA (VIQUERYL) Nº 2/0 Agulha Curvado 1/2 30mm;Nº 2/0;12 PEÇAS
GENERICO NOME;FIO DE SUTURA (VIQUERYL) Nº 2/0 Agulha Redondo 1/2 30mm;Nº 2/0;12 PEÇAS
GENERICO NOME;FIO DE SUTURA (VIQUERYL) Nº 3 Agulha Curvado 1/2 45mm;Nº 3;12 PEÇAS
GENERICO NOME;FIO DE SUTURA (VIQUERYL) Nº 3 Agulha Redondo 1/2 45mm;Nº 3;12 PEÇAS
GENERICO NOME;FIO DE SUTURA (VIQUERYL) Nº 3/0 Agulha Curvado 1/2 30mm;Nº 3/0;12 PEÇAS
GENERICO NOME;FIO DE SUTURA (VIQUERYL) Nº 3/0 Agulha Redondo 1/2 30mm;Nº 3/0;12 PEÇAS
GENERICO NOME;FIO DE SUTURA (VIQUERYL) Nº 4/0 Agulha Curvado 1/2 25mm;Nº 4/0;12 PEÇAS
GENERICO NOME;FIO DE SUTURA (VIQUERYL) Nº 4/0 Agulha Redondo 1/2 25mm;Nº 4/0;12 PEÇAS
GENERICO NOME;FIO DE SUTURA (VIQUERYL) Nº 5/0 Agulha Curvado 1/2 20mm;Nº 5/0;12 PEÇAS
GENERICO NOME;FIO DE SUTURA (VIQUERYL) Nº 5/0 Agulha Redondo 1/2 20mm;Nº 5/0;12 PEÇAS
GENERICO NOME;FIO DE SUTURA (VIQUERYL) Nº 6/0 Agulha Curvado 1/2 20mm;Nº 6/0;12 PEÇAS
GENERICO NOME;FIO DE SUTURA (VIQUERYL) Nº 6/0 Agulha Redondo 1/2 20mm;Nº 6/0;12 PEÇAS
GENERICO NOME;LANCETA PARA COLETA DE SANGUE (PLÁSTICO);PLÁSTICO;100 PEÇAS
GENERICO NOME;LÂMINAS CIRÚRGICAS - BISTURI (ESTÉRIL) ;FR 18;100 PEÇAS
GENERICO NOME;LÂMINAS CIRÚRGICAS - BISTURI (ESTÉRIL) ;FR 20;100 PEÇAS
GENERICO NOME;LÂMINAS CIRÚRGICAS - BISTURI (ESTÉRIL) ;FR 21;100 PEÇAS
GENERICO NOME;LÂMINAS CIRÚRGICAS - BISTURI (ESTÉRIL) ;FR 22;100 PEÇAS
GENERICO NOME;LÂMINAS CIRÚRGICAS - BISTURI (ESTÉRIL) ;FR 23;100 PEÇAS
GENERICO NOME;LÂMINAS CIRÚRGICAS - BISTURI (ESTÉRIL) ;FR 24;100 PEÇAS
GENERICO NOME;LIGADURA;10 CM X 10 M;12 PEÇAS
GENERICO NOME;LIGADURA;19x15MESH, 15CM*4.5M;12 PEÇAS
GENERICO NOME;LIGADURA;15 CM X 10 M;12 PEÇAS
GENERICO NOME;LIGADURA ELASTICA ;5 CM X 4.5 M;12 PEÇA
GENERICO NOME;LIGADURA ELASTICA ;10 CM X 4.5 M;12 PEÇA
GENERICO NOME;LIGADURA ELASTICA ;15 CM X 4.5 M;12 PEÇA
GENERICO NOME;LUVAS DE LÁTEX- CERÚGICAS;6.5 POLEGADAS;50 PARES
GENERICO NOME;LUVAS DE LÁTEX- CERÚGICAS;7 POLEGADAS;50 PARES
GENERICO NOME;LUVAS DE LÁTEX- CERÚGICAS;7.5 POLEGADAS;50 PARES
GENERICO NOME;LUVAS DE LÁTEX- DESCARTÁVEL;GRANDE;100 PEÇAS
GENERICO NOME;LUVAS DE LÁTEX- DESCARTÁVEL;MÉDIO;100 PEÇAS
GENERICO NOME;LUVAS DE LÁTEX- DESCARTÁVEL;PEQUENO;100 PEÇAS
GENERICO NOME;MÁSCARA DE OXIGÊNIO;MÉDIO;1 PEÇA
GENERICO NOME;MÁSCARA DE OXIGÊNIO COM NEBULIZADOR;ADULTO;1 PEÇA
GENERICO NOME;MÁSCARA DE OXIGÊNIO COM NEBULIZADOR;PEDIATRICO;1 PEÇA
GENERICO NOME;MASCARA FACIAL ;NONWOVEN;50 PEÇAS
OCULOS;OCULOS DE PROTEÇAO;NA;1 PEÇA
GENERICO NOME;RECIPIENTE DE FEZES;60 ML;1 PEÇA
GENERICO NOME;RECIPIENTE DE URINA;60 ML;1 PEÇA
GENERICO NOME;RECIPIENTE DE URINA (ESTÉRIL);60 ML;1 PEÇA
GENERICO NOME;ROLO DE GAZE;90 CM X 100;100 YARDS
GENERICO NOME;SACO DE COLOSTOMIA;60 mm;1 PEÇA
GENERICO NOME;SACO DA URINA (PEDIATRICO) ;100 ML;1 PEÇA
UNIJECT 1.ML;SERINGA DESCARTAVÉL COM AGULHAS 21G X 1 1/2;1ML;100 PEÇAS
UNIJECT 2.ML;SERINGA DESCARTAVÉL COM AGULHAS 21G X 1 1/2;2ML;100 PEÇAS
UNIJECT 5.ML;SERINGA DESCARTAVÉL COM AGULHAS 21G X 1 1/2;5ML;100 PEÇAS
UNIJECT 10ML;SERINGA DESCARTAVÉL COM AGULHAS 21G X 1 1/2;10ML;100 PEÇAS
UNIJECT 20ML;SERINGA DESCARTAVÉL COM AGULHAS 21G X 1 1/2;20ML;50 PEÇAS
UNIJECT 50ML;SERINGA DESCARTAVÉL COM AGULHAS 21G X 1 1/2;50ML;25 PEÇAS
UNIJECT 1.ML+ 29G;SERINGA INSULINA COM  AGULHAS 29G X 1 1/2;1ML/29G;100 PEÇAS
GENERICO NOME;SISTEMA DE SANGUE;SISTEMA;25 PEÇAS
GENERICO NOME;SONDA DE ALIMENTAÇÃO;FR 5;1 PEÇA
GENERICO NOME;SONDA DE ALIMENTAÇÃO;FR 6;1 PEÇA
GENERICO NOME;SONDA DE ALIMENTAÇÃO;FR 8;1 PEÇA
GENERICO NOME;SONDA DE ALIMENTAÇÃO;FR 10;1 PEÇA
GENERICO NOME;SONDA DE ASPIRAÇÃO (CATÉTER DE ASPIRAÇÃO);FR 8;1 PEÇA
GENERICO NOME;SONDA DE ASPIRAÇÃO (CATÉTER DE ASPIRAÇÃO);FR 10;1 PEÇA
GENERICO NOME;SONDA DE ASPIRAÇÃO (CATÉTER DE ASPIRAÇÃO);FR 12;1 PEÇA
GENERICO NOME;SONDA DE ASPIRAÇÃO (CATÉTER DE ASPIRAÇÃO);FR 14;1 PEÇA
GENERICO NOME;SONDA DE ASPIRAÇÃO (CATÉTER DE ASPIRAÇÃO);FR 16;1 PEÇA
GENERICO NOME;SONDA DE ASPIRAÇÃO (CATÉTER DE ASPIRAÇÃO);FR 18;1 PEÇA
GENERICO NOME;SONDA DE ASPIRAÇÃO (CATÉTER DE ASPIRAÇÃO);FR 20;1 PEÇA
GENERICO NOME;SONDA DE NELATON (CATÉTER DE NELATON);FR 8;1 PEÇA
GENERICO NOME;SONDA DE NELATON (CATÉTER DE NELATON);FR 10;1 PEÇA
GENERICO NOME;SONDA DE NELATON (CATÉTER DE NELATON);FR 12;1 PEÇA
GENERICO NOME;SONDA DE NELATON (CATÉTER DE NELATON);FR 14;1 PEÇA
GENERICO NOME;SONDA DE NELATON (CATÉTER DE NELATON);FR 16;1 PEÇA
GENERICO NOME;SONDA DE NELATON (CATÉTER DE NELATON);FR 18;1 PEÇA
GENERICO NOME;SONDA DE NELATON (CATÉTER DE NELATON);FR 20;1 PEÇA
GENERICO NOME;SONDA NESOGASTICA (TUBO DE ESTÔMAGO);FR 6;1 PEÇA
GENERICO NOME;SONDA NESOGASTICA (TUBO DE ESTÔMAGO);FR 8;1 PEÇA
GENERICO NOME;SONDA NESOGASTICA (TUBO DE ESTÔMAGO);FR 10;1 PEÇA
GENERICO NOME;SONDA NESOGASTICA (TUBO DE ESTÔMAGO);FR 12;1 PEÇA
GENERICO NOME;SONDA NESOGASTICA (TUBO DE ESTÔMAGO);FR 16;1 PEÇA
GENERICO NOME;SONDA NESOGASTICA (TUBO DE ESTÔMAGO);FR 18;1 PEÇA
GENERICO NOME;SONDA NESOGASTICA (TUBO DE ESTÔMAGO);FR 20;1 PEÇA
GENERICO NOME;SONDA RECTAL (TUBO RECTAL);FR 20;1 PEÇA
GENERICO NOME;SONDA RECTAL (TUBO RECTAL);FR 22;1 PEÇA
GENERICO NOME;SONDA RECTAL (TUBO RECTAL);FR 24;1 PEÇA
GENERICO NOME;SONDA RECTAL (TUBO RECTAL);FR 26;1 PEÇA
GENERICO NOME;SONDA RECTAL (TUBO RECTAL);FR 28;1 PEÇA
GENERICO NOME;SONDA RECTAL (TUBO RECTAL);FR 30;1 PEÇA
GENERICO NOME;SUPORTE DE INFUSÃO;NA;1 PEÇA
GENERICO NOME;TERMÔMETRO DIGITAL;NA;1 PEÇA
GENERICO NOME;TESTA INFRAVERMELHA TERMÔMETRO (SEM CONTATO);NA;1 PEÇA
GENERICO NOME;TUBO DE VÁCUO (EDTA.K3) ROXO;5 ML;100 PEÇAS
GENERICO NOME;TUBO DE VÁCUO (HEPARINA DE LÍTIO) VERDE;5 ML;100 PEÇAS
GENERICO NOME;TUBO DE VÁCUO (HEPARINA DE SÓDIO) VERDE;5 ML;100 PEÇAS
GENERICO NOME;TUBO DE VÁCUO (SIMPLES) VERMELHO;5 ML;100 PEÇAS
GENERICO NOME;TUBO DE VÁCUO (TUBO OXALADO) CINZA;2 ML;100 PEÇAS
